current_season_end	current_season_start	distance_map	mean_distance	other_season_end	other_season_start	replicate	total_comparisons	total_distance
1997-07-01	1996-07-01	titer_substitution_model	1.85	1997-07-01	1996-07-01	0	1936	3572.16
1997-07-01	1996-07-01	titer_substitution_model	1.97	1998-07-01	1997-07-01	0	5632	11068.18
1997-07-01	1996-07-01	titer_substitution_model	2.01	1999-07-01	1998-07-01	0	6952	13996.77
1998-07-01	1997-07-01	titer_substitution_model	1.22	1998-07-01	1997-07-01	0	16384	19928.52
1998-07-01	1997-07-01	titer_substitution_model	0.96	1999-07-01	1998-07-01	0	20224	19488.96
1998-07-01	1997-07-01	titer_substitution_model	1.18	2000-07-01	1999-07-01	0	24320	28605.43
1999-07-01	1998-07-01	titer_substitution_model	0.59	1999-07-01	1998-07-01	0	24964	14842.01
1999-07-01	1998-07-01	titer_substitution_model	0.64	2000-07-01	1999-07-01	0	30020	19159.51
1999-07-01	1998-07-01	titer_substitution_model	0.74	2001-07-01	2000-07-01	0	33496	24661.59
2000-07-01	1999-07-01	titer_substitution_model	0.28	2000-07-01	1999-07-01	0	36100	10145.3
2000-07-01	1999-07-01	titer_substitution_model	0.36	2001-07-01	2000-07-01	0	40280	14387.86
2000-07-01	1999-07-01	titer_substitution_model	0.85	2002-07-01	2001-07-01	0	70490	60245.47
2001-07-01	2000-07-01	titer_substitution_model	0.27	2001-07-01	2000-07-01	0	44944	12022.19
2001-07-01	2000-07-01	titer_substitution_model	0.58	2002-07-01	2001-07-01	0	78652	45755.79
2001-07-01	2000-07-01	titer_substitution_model	1.46	2003-07-01	2002-07-01	0	72928	106304.08
2002-07-01	2001-07-01	titer_substitution_model	0.52	2002-07-01	2001-07-01	0	137641	71488.22
2002-07-01	2001-07-01	titer_substitution_model	1.31	2003-07-01	2002-07-01	0	127624	167667.53
2002-07-01	2001-07-01	titer_substitution_model	2.25	2004-07-01	2003-07-01	0	165837	373411.95
2003-07-01	2002-07-01	titer_substitution_model	1.08	2003-07-01	2002-07-01	0	118336	127681.0
2003-07-01	2002-07-01	titer_substitution_model	1.36	2004-07-01	2003-07-01	0	153768	208780.9
2003-07-01	2002-07-01	titer_substitution_model	2.43	2005-07-01	2004-07-01	0	170968	415872.88
2004-07-01	2003-07-01	titer_substitution_model	0.98	2004-07-01	2003-07-01	0	199809	194918.81
2004-07-01	2003-07-01	titer_substitution_model	1.56	2005-07-01	2004-07-01	0	222159	345560.39
2004-07-01	2003-07-01	titer_substitution_model	2.46	2006-07-01	2005-07-01	0	201150	495070.68
2005-07-01	2004-07-01	titer_substitution_model	0.73	2005-07-01	2004-07-01	0	247009	179645.67
2005-07-01	2004-07-01	titer_substitution_model	1.42	2006-07-01	2005-07-01	0	223650	317812.89
2005-07-01	2004-07-01	titer_substitution_model	2.26	2007-07-01	2006-07-01	0	246512	557390.32
2006-07-01	2005-07-01	titer_substitution_model	0.88	2006-07-01	2005-07-01	0	202500	178623.02
2006-07-01	2005-07-01	titer_substitution_model	1.33	2007-07-01	2006-07-01	0	223200	296806.27
2006-07-01	2005-07-01	titer_substitution_model	1.76	2008-07-01	2007-07-01	0	212400	373196.18
2007-07-01	2006-07-01	titer_substitution_model	0.79	2007-07-01	2006-07-01	0	246016	193703.21
2007-07-01	2006-07-01	titer_substitution_model	0.95	2008-07-01	2007-07-01	0	234112	221747.49
2007-07-01	2006-07-01	titer_substitution_model	1.8	2009-07-01	2008-07-01	0	257920	465048.76
2008-07-01	2007-07-01	titer_substitution_model	0.44	2008-07-01	2007-07-01	0	222784	98833.3
2008-07-01	2007-07-01	titer_substitution_model	1.19	2009-07-01	2008-07-01	0	245440	292658.89
2008-07-01	2007-07-01	titer_substitution_model	3.53	2010-07-01	2009-07-01	0	177472	626852.13
2009-07-01	2008-07-01	titer_substitution_model	1.35	2009-07-01	2008-07-01	0	270400	364904.72
2009-07-01	2008-07-01	titer_substitution_model	2.78	2010-07-01	2009-07-01	0	195520	544339.86
2009-07-01	2008-07-01	titer_substitution_model	3.45	2011-07-01	2010-07-01	0	282360	973917.67
2010-07-01	2009-07-01	titer_substitution_model	0.96	2010-07-01	2009-07-01	0	141376	135311.91
2010-07-01	2009-07-01	titer_substitution_model	1.23	2011-07-01	2010-07-01	0	204168	251687.47
2010-07-01	2009-07-01	titer_substitution_model	1.42	2012-07-01	2011-07-01	0	201912	286477.13
2011-07-01	2010-07-01	titer_substitution_model	0.64	2011-07-01	2010-07-01	0	294849	190044.26
2011-07-01	2010-07-01	titer_substitution_model	0.84	2012-07-01	2011-07-01	0	291591	244399.14
2011-07-01	2010-07-01	titer_substitution_model	1.3	2013-07-01	2012-07-01	0	305709	396867.75
2012-07-01	2011-07-01	titer_substitution_model	0.52	2012-07-01	2011-07-01	0	288369	150631.71
2012-07-01	2011-07-01	titer_substitution_model	0.86	2013-07-01	2012-07-01	0	302331	258572.76
2012-07-01	2011-07-01	titer_substitution_model	1.59	2014-07-01	2013-07-01	0	306627	487913.12
2013-07-01	2012-07-01	titer_substitution_model	0.53	2013-07-01	2012-07-01	0	316969	168753.83
2013-07-01	2012-07-01	titer_substitution_model	1.14	2014-07-01	2013-07-01	0	321473	365796.51
2013-07-01	2012-07-01	titer_substitution_model	2.15	2015-07-01	2014-07-01	0	334422	720636.07
2014-07-01	2013-07-01	titer_substitution_model	0.81	2014-07-01	2013-07-01	0	326041	262950.23
2014-07-01	2013-07-01	titer_substitution_model	1.6	2015-07-01	2014-07-01	0	339174	544153.53
2014-07-01	2013-07-01	titer_substitution_model	1.85	2016-07-01	2015-07-01	0	342029	632007.56
2015-07-01	2014-07-01	titer_substitution_model	0.96	2015-07-01	2014-07-01	0	352836	338523.02
2015-07-01	2014-07-01	titer_substitution_model	1.0	2016-07-01	2015-07-01	0	355806	357019.58
2015-07-01	2014-07-01	titer_substitution_model	1.32	2017-07-01	2016-07-01	0	363528	480308.47
2016-07-01	2015-07-01	titer_substitution_model	0.58	2016-07-01	2015-07-01	0	358801	206953.69
2016-07-01	2015-07-01	titer_substitution_model	0.9	2017-07-01	2016-07-01	0	366588	329066.64
2016-07-01	2015-07-01	titer_substitution_model	1.0	2018-07-01	2017-07-01	0	362994	363059.75
2017-07-01	2016-07-01	titer_substitution_model	0.87	2017-07-01	2016-07-01	0	374544	324770.79
2017-07-01	2016-07-01	titer_substitution_model	0.94	2018-07-01	2017-07-01	0	370872	348993.31
2017-07-01	2016-07-01	titer_substitution_model	1.32	2019-07-01	2018-07-01	0	367812	485895.76
2018-07-01	2017-07-01	titer_substitution_model	1.22	2018-07-01	2017-07-01	0	367236	447066.4
2018-07-01	2017-07-01	titer_substitution_model	1.69	2019-07-01	2018-07-01	0	364206	616416.76
2018-07-01	2017-07-01	titer_substitution_model	1.6	2020-07-01	2019-07-01	0	93324	149047.92
2019-07-01	2018-07-01	titer_substitution_model	1.64	2019-07-01	2018-07-01	0	361201	591312.91
2019-07-01	2018-07-01	titer_substitution_model	1.57	2020-07-01	2019-07-01	0	92554	145571.08
2020-07-01	2019-07-01	titer_substitution_model	1.09	2020-07-01	2019-07-01	0	23716	25785.97
1997-07-01	1996-07-01	titer_substitution_model	1.87	1997-07-01	1996-07-01	1	1936	3624.99
1997-07-01	1996-07-01	titer_substitution_model	1.93	1998-07-01	1997-07-01	1	5632	10887.89
1997-07-01	1996-07-01	titer_substitution_model	1.91	1999-07-01	1998-07-01	1	6952	13307.18
1998-07-01	1997-07-01	titer_substitution_model	1.2	1998-07-01	1997-07-01	1	16384	19630.85
1998-07-01	1997-07-01	titer_substitution_model	0.89	1999-07-01	1998-07-01	1	20224	18099.43
1998-07-01	1997-07-01	titer_substitution_model	1.12	2000-07-01	1999-07-01	1	24320	27333.43
1999-07-01	1998-07-01	titer_substitution_model	0.58	1999-07-01	1998-07-01	1	24964	14400.42
1999-07-01	1998-07-01	titer_substitution_model	0.6	2000-07-01	1999-07-01	1	30020	18145.62
1999-07-01	1998-07-01	titer_substitution_model	0.76	2001-07-01	2000-07-01	1	33496	25498.36
2000-07-01	1999-07-01	titer_substitution_model	0.28	2000-07-01	1999-07-01	1	36100	9946.31
2000-07-01	1999-07-01	titer_substitution_model	0.41	2001-07-01	2000-07-01	1	40280	16341.01
2000-07-01	1999-07-01	titer_substitution_model	0.82	2002-07-01	2001-07-01	1	70490	57756.01
2001-07-01	2000-07-01	titer_substitution_model	0.28	2001-07-01	2000-07-01	1	44944	12461.97
2001-07-01	2000-07-01	titer_substitution_model	0.55	2002-07-01	2001-07-01	1	78652	43063.66
2001-07-01	2000-07-01	titer_substitution_model	1.49	2003-07-01	2002-07-01	1	72292	107504.68
2002-07-01	2001-07-01	titer_substitution_model	0.48	2002-07-01	2001-07-01	1	137641	66253.39
2002-07-01	2001-07-01	titer_substitution_model	1.33	2003-07-01	2002-07-01	1	126511	168496.91
2002-07-01	2001-07-01	titer_substitution_model	2.26	2004-07-01	2003-07-01	1	166950	377844.07
2003-07-01	2002-07-01	titer_substitution_model	1.06	2003-07-01	2002-07-01	1	116281	123148.93
2003-07-01	2002-07-01	titer_substitution_model	1.33	2004-07-01	2003-07-01	1	153450	203371.4
2003-07-01	2002-07-01	titer_substitution_model	2.42	2005-07-01	2004-07-01	1	168795	408460.97
2004-07-01	2003-07-01	titer_substitution_model	0.96	2004-07-01	2003-07-01	1	202500	195085.83
2004-07-01	2003-07-01	titer_substitution_model	1.56	2005-07-01	2004-07-01	1	222750	347018.11
2004-07-01	2003-07-01	titer_substitution_model	2.41	2006-07-01	2005-07-01	1	203400	489840.08
2005-07-01	2004-07-01	titer_substitution_model	0.72	2005-07-01	2004-07-01	1	245025	176849.88
2005-07-01	2004-07-01	titer_substitution_model	1.36	2006-07-01	2005-07-01	1	223740	304842.63
2005-07-01	2004-07-01	titer_substitution_model	2.35	2007-07-01	2006-07-01	1	245520	575767.95
2006-07-01	2005-07-01	titer_substitution_model	0.82	2006-07-01	2005-07-01	1	204304	167053.7
2006-07-01	2005-07-01	titer_substitution_model	1.45	2007-07-01	2006-07-01	1	224192	324784.02
2006-07-01	2005-07-01	titer_substitution_model	1.92	2008-07-01	2007-07-01	1	213796	411501.8
2007-07-01	2006-07-01	titer_substitution_model	0.77	2007-07-01	2006-07-01	1	246016	190655.99
2007-07-01	2006-07-01	titer_substitution_model	0.94	2008-07-01	2007-07-01	1	234608	219766.89
2007-07-01	2006-07-01	titer_substitution_model	1.83	2009-07-01	2008-07-01	1	257424	470988.74
2008-07-01	2007-07-01	titer_substitution_model	0.41	2008-07-01	2007-07-01	1	223729	92264.76
2008-07-01	2007-07-01	titer_substitution_model	1.21	2009-07-01	2008-07-01	1	245487	296557.4
2008-07-01	2007-07-01	titer_substitution_model	3.57	2010-07-01	2009-07-01	1	178794	637523.18
2009-07-01	2008-07-01	titer_substitution_model	1.37	2009-07-01	2008-07-01	1	269361	368004.85
2009-07-01	2008-07-01	titer_substitution_model	2.79	2010-07-01	2009-07-01	1	196182	547860.77
2009-07-01	2008-07-01	titer_substitution_model	3.45	2011-07-01	2010-07-01	1	280779	967708.33
2010-07-01	2009-07-01	titer_substitution_model	0.94	2010-07-01	2009-07-01	1	142884	134795.55
2010-07-01	2009-07-01	titer_substitution_model	1.21	2011-07-01	2010-07-01	1	204498	248178.32
2010-07-01	2009-07-01	titer_substitution_model	1.37	2012-07-01	2011-07-01	1	202986	278912.7
2011-07-01	2010-07-01	titer_substitution_model	0.56	2011-07-01	2010-07-01	1	292681	164953.77
2011-07-01	2010-07-01	titer_substitution_model	0.74	2012-07-01	2011-07-01	1	290517	215763.37
2011-07-01	2010-07-01	titer_substitution_model	1.2	2013-07-01	2012-07-01	1	304583	366040.26
2012-07-01	2011-07-01	titer_substitution_model	0.51	2012-07-01	2011-07-01	1	288369	146610.95
2012-07-01	2011-07-01	titer_substitution_model	0.85	2013-07-01	2012-07-01	1	302331	257238.37
2012-07-01	2011-07-01	titer_substitution_model	1.56	2014-07-01	2013-07-01	1	307164	479848.12
2013-07-01	2012-07-01	titer_substitution_model	0.56	2013-07-01	2012-07-01	1	316969	177155.08
2013-07-01	2012-07-01	titer_substitution_model	1.14	2014-07-01	2013-07-01	1	322036	366025.36
2013-07-01	2012-07-01	titer_substitution_model	2.17	2015-07-01	2014-07-01	1	335548	728705.13
2014-07-01	2013-07-01	titer_substitution_model	0.8	2014-07-01	2013-07-01	1	327184	263255.75
2014-07-01	2013-07-01	titer_substitution_model	1.63	2015-07-01	2014-07-01	1	340912	555646.47
2014-07-01	2013-07-01	titer_substitution_model	1.92	2016-07-01	2015-07-01	1	340912	652975.9
2015-07-01	2014-07-01	titer_substitution_model	0.93	2015-07-01	2014-07-01	1	355216	332106.01
2015-07-01	2014-07-01	titer_substitution_model	1.02	2016-07-01	2015-07-01	1	355216	361431.91
2015-07-01	2014-07-01	titer_substitution_model	1.32	2017-07-01	2016-07-01	1	365944	483108.24
2016-07-01	2015-07-01	titer_substitution_model	0.61	2016-07-01	2015-07-01	1	355216	217836.63
2016-07-01	2015-07-01	titer_substitution_model	0.91	2017-07-01	2016-07-01	1	365944	334612.21
2016-07-01	2015-07-01	titer_substitution_model	1.01	2018-07-01	2017-07-01	1	359984	363102.04
2017-07-01	2016-07-01	titer_substitution_model	0.89	2017-07-01	2016-07-01	1	376996	334573.28
2017-07-01	2016-07-01	titer_substitution_model	0.95	2018-07-01	2017-07-01	1	370856	350948.2
2017-07-01	2016-07-01	titer_substitution_model	1.32	2019-07-01	2018-07-01	1	370856	490294.95
2018-07-01	2017-07-01	titer_substitution_model	1.21	2018-07-01	2017-07-01	1	364816	439906.0
2018-07-01	2017-07-01	titer_substitution_model	1.67	2019-07-01	2018-07-01	1	364816	610698.79
2018-07-01	2017-07-01	titer_substitution_model	1.6	2020-07-01	2019-07-01	1	91808	147269.57
2019-07-01	2018-07-01	titer_substitution_model	1.59	2019-07-01	2018-07-01	1	364816	578924.34
2019-07-01	2018-07-01	titer_substitution_model	1.52	2020-07-01	2019-07-01	1	91808	139236.77
2020-07-01	2019-07-01	titer_substitution_model	1.1	2020-07-01	2019-07-01	1	23104	25405.44
1997-07-01	1996-07-01	titer_substitution_model	1.88	1997-07-01	1996-07-01	2	1936	3637.85
1997-07-01	1996-07-01	titer_substitution_model	1.9	1998-07-01	1997-07-01	2	5632	10717.27
1997-07-01	1996-07-01	titer_substitution_model	1.91	1999-07-01	1998-07-01	2	6952	13297.26
1998-07-01	1997-07-01	titer_substitution_model	1.2	1998-07-01	1997-07-01	2	16384	19706.84
1998-07-01	1997-07-01	titer_substitution_model	0.92	1999-07-01	1998-07-01	2	20224	18652.11
1998-07-01	1997-07-01	titer_substitution_model	1.15	2000-07-01	1999-07-01	2	24320	28014.42
1999-07-01	1998-07-01	titer_substitution_model	0.59	1999-07-01	1998-07-01	2	24964	14615.43
1999-07-01	1998-07-01	titer_substitution_model	0.65	2000-07-01	1999-07-01	2	30020	19652.81
1999-07-01	1998-07-01	titer_substitution_model	0.77	2001-07-01	2000-07-01	2	33496	25834.42
2000-07-01	1999-07-01	titer_substitution_model	0.28	2000-07-01	1999-07-01	2	36100	10172.47
2000-07-01	1999-07-01	titer_substitution_model	0.38	2001-07-01	2000-07-01	2	40280	15257.23
2000-07-01	1999-07-01	titer_substitution_model	0.81	2002-07-01	2001-07-01	2	70110	56493.41
2001-07-01	2000-07-01	titer_substitution_model	0.27	2001-07-01	2000-07-01	2	44944	12156.62
2001-07-01	2000-07-01	titer_substitution_model	0.54	2002-07-01	2001-07-01	2	78228	42399.97
2001-07-01	2000-07-01	titer_substitution_model	1.46	2003-07-01	2002-07-01	2	72928	106169.25
2002-07-01	2001-07-01	titer_substitution_model	0.48	2002-07-01	2001-07-01	2	136161	65814.46
2002-07-01	2001-07-01	titer_substitution_model	1.32	2003-07-01	2002-07-01	2	126936	167881.59
2002-07-01	2001-07-01	titer_substitution_model	2.3	2004-07-01	2003-07-01	2	164943	379540.25
2003-07-01	2002-07-01	titer_substitution_model	1.02	2003-07-01	2002-07-01	2	118336	120878.21
2003-07-01	2002-07-01	titer_substitution_model	1.34	2004-07-01	2003-07-01	2	153768	206488.79
2003-07-01	2002-07-01	titer_substitution_model	2.45	2005-07-01	2004-07-01	2	170968	418126.77
2004-07-01	2003-07-01	titer_substitution_model	0.97	2004-07-01	2003-07-01	2	199809	193763.4
2004-07-01	2003-07-01	titer_substitution_model	1.56	2005-07-01	2004-07-01	2	222159	347595.13
2004-07-01	2003-07-01	titer_substitution_model	2.41	2006-07-01	2005-07-01	2	201597	485988.69
2005-07-01	2004-07-01	titer_substitution_model	0.71	2005-07-01	2004-07-01	2	247009	174666.49
2005-07-01	2004-07-01	titer_substitution_model	1.35	2006-07-01	2005-07-01	2	224147	303059.25
2005-07-01	2004-07-01	titer_substitution_model	2.33	2007-07-01	2006-07-01	2	247009	576004.66
2006-07-01	2005-07-01	titer_substitution_model	0.84	2006-07-01	2005-07-01	2	203401	169933.34
2006-07-01	2005-07-01	titer_substitution_model	1.44	2007-07-01	2006-07-01	2	224147	322289.32
2006-07-01	2005-07-01	titer_substitution_model	1.9	2008-07-01	2007-07-01	2	213323	404937.06
2007-07-01	2006-07-01	titer_substitution_model	0.78	2007-07-01	2006-07-01	2	247009	193707.06
2007-07-01	2006-07-01	titer_substitution_model	0.95	2008-07-01	2007-07-01	2	235081	223369.47
2007-07-01	2006-07-01	titer_substitution_model	1.72	2009-07-01	2008-07-01	2	257943	443571.34
2008-07-01	2007-07-01	titer_substitution_model	0.48	2008-07-01	2007-07-01	2	223729	108069.99
2008-07-01	2007-07-01	titer_substitution_model	1.16	2009-07-01	2008-07-01	2	245487	284425.05
2008-07-01	2007-07-01	titer_substitution_model	3.49	2010-07-01	2009-07-01	2	177375	619079.15
2009-07-01	2008-07-01	titer_substitution_model	1.29	2009-07-01	2008-07-01	2	269361	347107.57
2009-07-01	2008-07-01	titer_substitution_model	2.72	2010-07-01	2009-07-01	2	194625	530150.32
2009-07-01	2008-07-01	titer_substitution_model	3.37	2011-07-01	2010-07-01	2	281817	950921.28
2010-07-01	2009-07-01	titer_substitution_model	0.93	2010-07-01	2009-07-01	2	140625	131071.17
2010-07-01	2009-07-01	titer_substitution_model	1.2	2011-07-01	2010-07-01	2	203625	244518.47
2010-07-01	2009-07-01	titer_substitution_model	1.35	2012-07-01	2011-07-01	2	201375	272643.24
2011-07-01	2010-07-01	titer_substitution_model	0.61	2011-07-01	2010-07-01	2	294849	179429.01
2011-07-01	2010-07-01	titer_substitution_model	0.77	2012-07-01	2011-07-01	2	291591	223821.75
2011-07-01	2010-07-01	titer_substitution_model	1.22	2013-07-01	2012-07-01	2	306252	372139.99
2012-07-01	2011-07-01	titer_substitution_model	0.48	2012-07-01	2011-07-01	2	288369	138361.07
2012-07-01	2011-07-01	titer_substitution_model	0.81	2013-07-01	2012-07-01	2	302868	244171.06
2012-07-01	2011-07-01	titer_substitution_model	1.52	2014-07-01	2013-07-01	2	306627	465520.07
2013-07-01	2012-07-01	titer_substitution_model	0.52	2013-07-01	2012-07-01	2	318096	164200.05
2013-07-01	2012-07-01	titer_substitution_model	1.1	2014-07-01	2013-07-01	2	322044	353477.34
2013-07-01	2012-07-01	titer_substitution_model	2.08	2015-07-01	2014-07-01	2	335016	696563.69
2014-07-01	2013-07-01	titer_substitution_model	0.78	2014-07-01	2013-07-01	2	326041	255536.87
2014-07-01	2013-07-01	titer_substitution_model	1.58	2015-07-01	2014-07-01	2	339174	534545.88
2014-07-01	2013-07-01	titer_substitution_model	1.89	2016-07-01	2015-07-01	2	340887	645338.98
2015-07-01	2014-07-01	titer_substitution_model	0.96	2015-07-01	2014-07-01	2	352836	337341.74
2015-07-01	2014-07-01	titer_substitution_model	1.06	2016-07-01	2015-07-01	2	354618	375573.26
2015-07-01	2014-07-01	titer_substitution_model	1.37	2017-07-01	2016-07-01	2	364122	499907.76
2016-07-01	2015-07-01	titer_substitution_model	0.59	2016-07-01	2015-07-01	2	356409	211692.46
2016-07-01	2015-07-01	titer_substitution_model	0.9	2017-07-01	2016-07-01	2	365961	330644.45
2016-07-01	2015-07-01	titer_substitution_model	0.93	2018-07-01	2017-07-01	2	362976	336952.46
2017-07-01	2016-07-01	titer_substitution_model	0.91	2017-07-01	2016-07-01	2	375769	341590.57
2017-07-01	2016-07-01	titer_substitution_model	0.91	2018-07-01	2017-07-01	2	372704	339767.64
2017-07-01	2016-07-01	titer_substitution_model	1.3	2019-07-01	2018-07-01	2	369026	480514.06
2018-07-01	2017-07-01	titer_substitution_model	1.2	2018-07-01	2017-07-01	2	369664	444625.92
2018-07-01	2017-07-01	titer_substitution_model	1.69	2019-07-01	2018-07-01	2	366016	617700.59
2018-07-01	2017-07-01	titer_substitution_model	1.61	2020-07-01	2019-07-01	2	91808	147798.57
2019-07-01	2018-07-01	titer_substitution_model	1.58	2019-07-01	2018-07-01	2	362404	572569.5
2019-07-01	2018-07-01	titer_substitution_model	1.5	2020-07-01	2019-07-01	2	90902	136412.16
2020-07-01	2019-07-01	titer_substitution_model	1.03	2020-07-01	2019-07-01	2	22801	23490.21
1997-07-01	1996-07-01	titer_substitution_model	1.84	1997-07-01	1996-07-01	3	1936	3561.07
1997-07-01	1996-07-01	titer_substitution_model	1.93	1998-07-01	1997-07-01	3	5632	10841.89
1997-07-01	1996-07-01	titer_substitution_model	1.95	1999-07-01	1998-07-01	3	6952	13574.68
1998-07-01	1997-07-01	titer_substitution_model	1.21	1998-07-01	1997-07-01	3	16384	19877.59
1998-07-01	1997-07-01	titer_substitution_model	0.93	1999-07-01	1998-07-01	3	20224	18814.67
1998-07-01	1997-07-01	titer_substitution_model	1.18	2000-07-01	1999-07-01	3	24320	28731.34
1999-07-01	1998-07-01	titer_substitution_model	0.58	1999-07-01	1998-07-01	3	24964	14509.47
1999-07-01	1998-07-01	titer_substitution_model	0.67	2000-07-01	1999-07-01	3	30020	20207.17
1999-07-01	1998-07-01	titer_substitution_model	0.74	2001-07-01	2000-07-01	3	33496	24880.19
2000-07-01	1999-07-01	titer_substitution_model	0.3	2000-07-01	1999-07-01	3	36100	10775.75
2000-07-01	1999-07-01	titer_substitution_model	0.35	2001-07-01	2000-07-01	3	40280	14065.35
2000-07-01	1999-07-01	titer_substitution_model	0.83	2002-07-01	2001-07-01	3	70300	58433.64
2001-07-01	2000-07-01	titer_substitution_model	0.26	2001-07-01	2000-07-01	3	44944	11484.94
2001-07-01	2000-07-01	titer_substitution_model	0.57	2002-07-01	2001-07-01	3	78440	44554.94
2001-07-01	2000-07-01	titer_substitution_model	1.47	2003-07-01	2002-07-01	3	72292	106140.82
2002-07-01	2001-07-01	titer_substitution_model	0.49	2002-07-01	2001-07-01	3	136900	67582.92
2002-07-01	2001-07-01	titer_substitution_model	1.33	2003-07-01	2002-07-01	3	126170	167205.05
2002-07-01	2001-07-01	titer_substitution_model	2.2	2004-07-01	2003-07-01	3	166500	366338.83
2003-07-01	2002-07-01	titer_substitution_model	1.02	2003-07-01	2002-07-01	3	116281	118564.15
2003-07-01	2002-07-01	titer_substitution_model	1.25	2004-07-01	2003-07-01	3	153450	191304.86
2003-07-01	2002-07-01	titer_substitution_model	2.39	2005-07-01	2004-07-01	3	169477	405262.7
2004-07-01	2003-07-01	titer_substitution_model	0.9	2004-07-01	2003-07-01	3	202500	183158.33
2004-07-01	2003-07-01	titer_substitution_model	1.54	2005-07-01	2004-07-01	3	223650	344848.18
2004-07-01	2003-07-01	titer_substitution_model	2.41	2006-07-01	2005-07-01	3	202500	487928.95
2005-07-01	2004-07-01	titer_substitution_model	0.66	2005-07-01	2004-07-01	3	247009	163753.29
2005-07-01	2004-07-01	titer_substitution_model	1.33	2006-07-01	2005-07-01	3	223650	297961.41
2005-07-01	2004-07-01	titer_substitution_model	2.35	2007-07-01	2006-07-01	3	247009	579258.65
2006-07-01	2005-07-01	titer_substitution_model	0.81	2006-07-01	2005-07-01	3	202500	164311.42
2006-07-01	2005-07-01	titer_substitution_model	1.44	2007-07-01	2006-07-01	3	223650	321569.85
2006-07-01	2005-07-01	titer_substitution_model	1.92	2008-07-01	2007-07-01	3	211950	407439.26
2007-07-01	2006-07-01	titer_substitution_model	0.76	2007-07-01	2006-07-01	3	247009	187839.66
2007-07-01	2006-07-01	titer_substitution_model	0.95	2008-07-01	2007-07-01	3	234087	222492.72
2007-07-01	2006-07-01	titer_substitution_model	1.74	2009-07-01	2008-07-01	3	258937	449623.03
2008-07-01	2007-07-01	titer_substitution_model	0.47	2008-07-01	2007-07-01	3	221841	104507.98
2008-07-01	2007-07-01	titer_substitution_model	1.16	2009-07-01	2008-07-01	3	245391	284754.17
2008-07-01	2007-07-01	titer_substitution_model	3.51	2010-07-01	2009-07-01	3	176154	617901.78
2009-07-01	2008-07-01	titer_substitution_model	1.3	2009-07-01	2008-07-01	3	271441	352710.6
2009-07-01	2008-07-01	titer_substitution_model	2.73	2010-07-01	2009-07-01	3	194854	531070.84
2009-07-01	2008-07-01	titer_substitution_model	3.35	2011-07-01	2010-07-01	3	283424	949479.0
2010-07-01	2009-07-01	titer_substitution_model	0.95	2010-07-01	2009-07-01	3	139876	133420.1
2010-07-01	2009-07-01	titer_substitution_model	1.21	2011-07-01	2010-07-01	3	203456	246718.59
2010-07-01	2009-07-01	titer_substitution_model	1.4	2012-07-01	2011-07-01	3	200838	280917.85
2011-07-01	2010-07-01	titer_substitution_model	0.57	2011-07-01	2010-07-01	3	295936	167235.83
2011-07-01	2010-07-01	titer_substitution_model	0.78	2012-07-01	2011-07-01	3	292128	226426.39
2011-07-01	2010-07-01	titer_substitution_model	1.18	2013-07-01	2012-07-01	3	306272	362628.27
2012-07-01	2011-07-01	titer_substitution_model	0.5	2012-07-01	2011-07-01	3	288369	143746.6
2012-07-01	2011-07-01	titer_substitution_model	0.79	2013-07-01	2012-07-01	3	302331	238371.48
2012-07-01	2011-07-01	titer_substitution_model	1.54	2014-07-01	2013-07-01	3	306090	472407.3
2013-07-01	2012-07-01	titer_substitution_model	0.52	2013-07-01	2012-07-01	3	316969	163444.68
2013-07-01	2012-07-01	titer_substitution_model	1.15	2014-07-01	2013-07-01	3	320910	368267.81
2013-07-01	2012-07-01	titer_substitution_model	2.13	2015-07-01	2014-07-01	3	334985	712499.38
2014-07-01	2013-07-01	titer_substitution_model	0.81	2014-07-01	2013-07-01	3	324900	264053.2
2014-07-01	2013-07-01	titer_substitution_model	1.57	2015-07-01	2014-07-01	3	339150	533390.55
2014-07-01	2013-07-01	titer_substitution_model	1.86	2016-07-01	2015-07-01	3	341430	635504.28
2015-07-01	2014-07-01	titer_substitution_model	0.94	2015-07-01	2014-07-01	3	354025	333787.42
2015-07-01	2014-07-01	titer_substitution_model	1.03	2016-07-01	2015-07-01	3	356405	368343.11
2015-07-01	2014-07-01	titer_substitution_model	1.36	2017-07-01	2016-07-01	3	364735	496437.42
2016-07-01	2015-07-01	titer_substitution_model	0.57	2016-07-01	2015-07-01	3	358801	202826.69
2016-07-01	2015-07-01	titer_substitution_model	0.89	2017-07-01	2016-07-01	3	367187	326867.15
2016-07-01	2015-07-01	titer_substitution_model	0.96	2018-07-01	2017-07-01	3	363593	349166.06
2017-07-01	2016-07-01	titer_substitution_model	0.88	2017-07-01	2016-07-01	3	375769	332348.99
2017-07-01	2016-07-01	titer_substitution_model	0.93	2018-07-01	2017-07-01	3	372091	345830.37
2017-07-01	2016-07-01	titer_substitution_model	1.33	2019-07-01	2018-07-01	3	370252	491821.61
2018-07-01	2017-07-01	titer_substitution_model	1.2	2018-07-01	2017-07-01	3	368449	440427.91
2018-07-01	2017-07-01	titer_substitution_model	1.68	2019-07-01	2018-07-01	3	366628	614534.04
2018-07-01	2017-07-01	titer_substitution_model	1.65	2020-07-01	2019-07-01	3	91050	149918.93
2019-07-01	2018-07-01	titer_substitution_model	1.62	2019-07-01	2018-07-01	3	364816	590871.19
2019-07-01	2018-07-01	titer_substitution_model	1.57	2020-07-01	2019-07-01	3	90600	141799.76
2020-07-01	2019-07-01	titer_substitution_model	1.18	2020-07-01	2019-07-01	3	22500	26452.3
1997-07-01	1996-07-01	titer_substitution_model	1.9	1997-07-01	1996-07-01	4	1936	3687.4
1997-07-01	1996-07-01	titer_substitution_model	1.95	1998-07-01	1997-07-01	4	5632	10992.41
1997-07-01	1996-07-01	titer_substitution_model	1.94	1999-07-01	1998-07-01	4	6952	13469.76
1998-07-01	1997-07-01	titer_substitution_model	1.22	1998-07-01	1997-07-01	4	16384	20011.83
1998-07-01	1997-07-01	titer_substitution_model	0.91	1999-07-01	1998-07-01	4	20224	18460.4
1998-07-01	1997-07-01	titer_substitution_model	1.15	2000-07-01	1999-07-01	4	24320	28048.17
1999-07-01	1998-07-01	titer_substitution_model	0.57	1999-07-01	1998-07-01	4	24964	14124.6
1999-07-01	1998-07-01	titer_substitution_model	0.66	2000-07-01	1999-07-01	4	30020	19782.35
1999-07-01	1998-07-01	titer_substitution_model	0.77	2001-07-01	2000-07-01	4	33496	25718.55
2000-07-01	1999-07-01	titer_substitution_model	0.29	2000-07-01	1999-07-01	4	36100	10327.88
2000-07-01	1999-07-01	titer_substitution_model	0.39	2001-07-01	2000-07-01	4	40280	15538.26
2000-07-01	1999-07-01	titer_substitution_model	0.84	2002-07-01	2001-07-01	4	70110	59060.65
2001-07-01	2000-07-01	titer_substitution_model	0.29	2001-07-01	2000-07-01	4	44944	13174.32
2001-07-01	2000-07-01	titer_substitution_model	0.56	2002-07-01	2001-07-01	4	78228	43819.79
2001-07-01	2000-07-01	titer_substitution_model	1.43	2003-07-01	2002-07-01	4	72928	104067.46
2002-07-01	2001-07-01	titer_substitution_model	0.49	2002-07-01	2001-07-01	4	136161	66836.52
2002-07-01	2001-07-01	titer_substitution_model	1.27	2003-07-01	2002-07-01	4	126936	161640.6
2002-07-01	2001-07-01	titer_substitution_model	2.21	2004-07-01	2003-07-01	4	165681	366665.7
2003-07-01	2002-07-01	titer_substitution_model	1.04	2003-07-01	2002-07-01	4	118336	123563.49
2003-07-01	2002-07-01	titer_substitution_model	1.31	2004-07-01	2003-07-01	4	154456	201588.37
2003-07-01	2002-07-01	titer_substitution_model	2.44	2005-07-01	2004-07-01	4	169936	415420.34
2004-07-01	2003-07-01	titer_substitution_model	0.92	2004-07-01	2003-07-01	4	201601	184893.04
2004-07-01	2003-07-01	titer_substitution_model	1.56	2005-07-01	2004-07-01	4	221806	346596.65
2004-07-01	2003-07-01	titer_substitution_model	2.43	2006-07-01	2005-07-01	4	202948	492558.88
2005-07-01	2004-07-01	titer_substitution_model	0.69	2005-07-01	2004-07-01	4	244036	167168.28
2005-07-01	2004-07-01	titer_substitution_model	1.36	2006-07-01	2005-07-01	4	223288	303107.37
2005-07-01	2004-07-01	titer_substitution_model	2.31	2007-07-01	2006-07-01	4	246506	569925.87
2006-07-01	2005-07-01	titer_substitution_model	0.84	2006-07-01	2005-07-01	4	204304	171535.01
2006-07-01	2005-07-01	titer_substitution_model	1.42	2007-07-01	2006-07-01	4	225548	321211.96
2006-07-01	2005-07-01	titer_substitution_model	1.88	2008-07-01	2007-07-01	4	212440	400000.24
2007-07-01	2006-07-01	titer_substitution_model	0.78	2007-07-01	2006-07-01	4	249001	194270.82
2007-07-01	2006-07-01	titer_substitution_model	0.94	2008-07-01	2007-07-01	4	234530	220434.67
2007-07-01	2006-07-01	titer_substitution_model	1.72	2009-07-01	2008-07-01	4	259979	448296.06
2008-07-01	2007-07-01	titer_substitution_model	0.46	2008-07-01	2007-07-01	4	220900	101998.24
2008-07-01	2007-07-01	titer_substitution_model	1.13	2009-07-01	2008-07-01	4	244870	276989.98
2008-07-01	2007-07-01	titer_substitution_model	3.48	2010-07-01	2009-07-01	4	176250	612921.59
2009-07-01	2008-07-01	titer_substitution_model	1.3	2009-07-01	2008-07-01	4	271441	351570.83
2009-07-01	2008-07-01	titer_substitution_model	2.77	2010-07-01	2009-07-01	4	195375	540845.92
2009-07-01	2008-07-01	titer_substitution_model	3.44	2011-07-01	2010-07-01	4	282903	974107.75
2010-07-01	2009-07-01	titer_substitution_model	0.94	2010-07-01	2009-07-01	4	140625	132195.2
2010-07-01	2009-07-01	titer_substitution_model	1.25	2011-07-01	2010-07-01	4	203625	254514.24
2010-07-01	2009-07-01	titer_substitution_model	1.43	2012-07-01	2011-07-01	4	201375	287334.58
2011-07-01	2010-07-01	titer_substitution_model	0.63	2011-07-01	2010-07-01	4	294849	184436.43
2011-07-01	2010-07-01	titer_substitution_model	0.81	2012-07-01	2011-07-01	4	291591	236993.28
2011-07-01	2010-07-01	titer_substitution_model	1.28	2013-07-01	2012-07-01	4	305709	392547.47
2012-07-01	2011-07-01	titer_substitution_model	0.53	2012-07-01	2011-07-01	4	288369	151774.02
2012-07-01	2011-07-01	titer_substitution_model	0.86	2013-07-01	2012-07-01	4	302331	261133.69
2012-07-01	2011-07-01	titer_substitution_model	1.58	2014-07-01	2013-07-01	4	306627	485180.27
2013-07-01	2012-07-01	titer_substitution_model	0.54	2013-07-01	2012-07-01	4	316969	172521.45
2013-07-01	2012-07-01	titer_substitution_model	1.13	2014-07-01	2013-07-01	4	321473	362452.95
2013-07-01	2012-07-01	titer_substitution_model	2.17	2015-07-01	2014-07-01	4	332170	721023.23
2014-07-01	2013-07-01	titer_substitution_model	0.79	2014-07-01	2013-07-01	4	326041	258444.42
2014-07-01	2013-07-01	titer_substitution_model	1.62	2015-07-01	2014-07-01	4	336890	546108.19
2014-07-01	2013-07-01	titer_substitution_model	1.91	2016-07-01	2015-07-01	4	343742	655183.44
2015-07-01	2014-07-01	titer_substitution_model	0.94	2015-07-01	2014-07-01	4	348100	326821.76
2015-07-01	2014-07-01	titer_substitution_model	1.03	2016-07-01	2015-07-01	4	355180	364420.14
2015-07-01	2014-07-01	titer_substitution_model	1.34	2017-07-01	2016-07-01	4	361670	483074.26
2016-07-01	2015-07-01	titer_substitution_model	0.57	2016-07-01	2015-07-01	4	362404	207322.59
2016-07-01	2015-07-01	titer_substitution_model	0.88	2017-07-01	2016-07-01	4	369026	324139.91
2016-07-01	2015-07-01	titer_substitution_model	0.97	2018-07-01	2017-07-01	4	364210	352517.47
2017-07-01	2016-07-01	titer_substitution_model	0.87	2017-07-01	2016-07-01	4	375769	327444.42
2017-07-01	2016-07-01	titer_substitution_model	0.94	2018-07-01	2017-07-01	4	370865	346901.64
2017-07-01	2016-07-01	titer_substitution_model	1.32	2019-07-01	2018-07-01	4	369026	487720.39
2018-07-01	2017-07-01	titer_substitution_model	1.21	2018-07-01	2017-07-01	4	366025	442258.73
2018-07-01	2017-07-01	titer_substitution_model	1.68	2019-07-01	2018-07-01	4	364210	612654.06
2018-07-01	2017-07-01	titer_substitution_model	1.67	2020-07-01	2019-07-01	4	92565	154461.32
2019-07-01	2018-07-01	titer_substitution_model	1.61	2019-07-01	2018-07-01	4	362404	584736.79
2019-07-01	2018-07-01	titer_substitution_model	1.57	2020-07-01	2019-07-01	4	92106	144321.21
2020-07-01	2019-07-01	titer_substitution_model	1.24	2020-07-01	2019-07-01	4	23409	29131.27
